{
    "metrics": {
        "http_req_blocked": {
            "p(95)": 1334.28581575,
            "avg": 604.0560044999992,
            "min": 0.253014,
            "med": 672.6151394999999,
            "max": 2463.134705,
            "p(90)": 1156.0170933000004
        },
        "http_req_waiting": {
            "med": 8758.515328500001,
            "max": 16207.21981,
            "p(90)": 14821.4188876,
            "p(95)": 15637.16990895,
            "avg": 8830.373222399501,
            "min": 1321.839203
        },
        "data_received": {
            "count": 1070055,
            "rate": 56588.2425032385
        },
        "http_req_duration": {
            "avg": 8994.730797658507,
            "min": 1326.784781,
            "med": 8880.2084215,
            "max": 16659.820206,
            "p(90)": 15204.829572800001,
            "p(95)": 16003.6611566
        },
        "http_req_connecting": {
            "max": 2441.12277,
            "p(90)": 1127.0751186000002,
            "p(95)": 1314.3263803500001,
            "avg": 579.483721152,
            "min": 0.181911,
            "med": 652.870132
        },
        "http_req_failed": {
            "passes": 1455,
            "fails": 545,
            "value": 0.7275
        },
        "vus": {
            "value": 153,
            "min": 0,
            "max": 2000
        },
        "vus_max": {
            "value": 2000,
            "min": 1884,
            "max": 2000
        },
        "http_req_tls_handshaking": {
            "min": 0,
            "med": 0,
            "max": 0,
            "p(90)": 0,
            "p(95)": 0,
            "avg": 0
        },
        "data_sent": {
            "count": 3932000,
            "rate": 207937.8812516495
        },
        "http_reqs": {
            "count": 2000,
            "rate": 105.7669792734738
        },
        "http_req_duration{expected_response:true}": {
            "med": 3163.281661,
            "max": 5910.924533,
            "p(90)": 5309.8823644,
            "p(95)": 5563.2135253999995,
            "avg": 3380.1683253577944,
            "min": 1326.784781
        },
        "iteration_duration": {
            "p(95)": 16431.99236805,
            "avg": 9656.622974801,
            "min": 1328.138057,
            "med": 9736.4921265,
            "max": 18158.69862,
            "p(90)": 15893.6747398
        },
        "iterations": {
            "count": 2000,
            "rate": 105.7669792734738
        },
        "http_req_sending": {
            "p(90)": 430.3323049,
            "p(95)": 456.23481805,
            "avg": 162.27866212799998,
            "min": 0.040503,
            "med": 82.30556849999999,
            "max": 1285.667538
        },
        "http_req_receiving": {
            "p(90)": 0.36821010000000176,
            "p(95)": 0.8087349999999999,
            "avg": 2.078913130999999,
            "min": 0.039402,
            "med": 0.130807,
            "max": 417.103903
        },
        "checks": {
            "fails": 1455,
            "passes": 545,
            "value": 0.2725
        }
    },
    "root_group": {
        "checks": {
            "qr mark accepted or already marked": {
                "name": "qr mark accepted or already marked",
                "path": "::qr mark accepted or already marked",
                "id": "0f23ff4c306f386c545b4b81a52b30fd",
                "passes": 545,
                "fails": 1455
            }
        },
        "name": "",
        "path": "",
        "id": "d41d8cd98f00b204e9800998ecf8427e",
        "groups": {}
    }
}