{
    "metrics": {
        "http_req_tls_handshaking": {
            "p(95)": 0,
            "avg": 0,
            "min": 0,
            "med": 0,
            "max": 0,
            "p(90)": 0
        },
        "http_req_receiving": {
            "med": 0,
            "max": 0,
            "p(90)": 0,
            "p(95)": 0,
            "avg": 0,
            "min": 0
        },
        "vus": {
            "value": 2,
            "min": 0,
            "max": 500
        },
        "checks": {
            "passes": 0,
            "fails": 500,
            "value": 0
        },
        "iterations": {
            "count": 500,
            "rate": 6.628399546217116
        },
        "http_req_blocked": {
            "p(95)": 2153.0876949999997,
            "avg": 876.5567313999995,
            "min": 0,
            "med": 67.93615,
            "max": 4967.841,
            "p(90)": 2122.2523499999998
        },
        "data_sent": {
            "count": 872950,
            "rate": 11572.522767740462
        },
        "http_req_connecting": {
            "avg": 334.77636759999984,
            "min": 0,
            "med": 24.098100000000002,
            "max": 1122.544,
            "p(90)": 982.0663900000001,
            "p(95)": 1016.78856
        },
        "http_req_waiting": {
            "p(90)": 60008.90471,
            "p(95)": 60013.74545,
            "avg": 51679.478436599995,
            "min": 0,
            "med": 58079.6844,
            "max": 60039.0971
        },
        "http_req_sending": {
            "p(95)": 175.39442999999963,
            "avg": 28.3008118,
            "min": 0,
            "med": 0,
            "max": 476.0006,
            "p(90)": 90.87836000000003
        },
        "iteration_duration": {
            "avg": 58427.48079000003,
            "min": 2967.0967,
            "med": 63724.446599999996,
            "max": 70396.3036,
            "p(90)": 69184.3343,
            "p(95)": 69192.503625
        },
        "vus_max": {
            "value": 500,
            "min": 16,
            "max": 500
        },
        "http_reqs": {
            "count": 500,
            "rate": 6.628399546217116
        },
        "http_req_failed": {
            "passes": 500,
            "fails": 0,
            "value": 1
        },
        "data_received": {
            "count": 0,
            "rate": 0
        },
        "http_req_duration": {
            "max": 60046.8526,
            "p(90)": 60009.7086,
            "p(95)": 60014.53617,
            "avg": 51707.77924840002,
            "min": 0,
            "med": 58139.948000000004
        }
    },
    "root_group": {
        "name": "",
        "path": "",
        "id": "d41d8cd98f00b204e9800998ecf8427e",
        "groups": {},
        "checks": {
                "qr mark accepted or already marked": {
                    "name": "qr mark accepted or already marked",
                    "path": "::qr mark accepted or already marked",
                    "id": "0f23ff4c306f386c545b4b81a52b30fd",
                    "passes": 0,
                    "fails": 500
                }
            }
    }
}