{
    "root_group": {
        "checks": {
            "qr mark accepted or already marked": {
                "name": "qr mark accepted or already marked",
                "path": "::qr mark accepted or already marked",
                "id": "0f23ff4c306f386c545b4b81a52b30fd",
                "passes": 500,
                "fails": 0
            }
        },
        "name": "",
        "path": "",
        "id": "d41d8cd98f00b204e9800998ecf8427e",
        "groups": {}
    },
    "metrics": {
        "http_req_sending": {
            "avg": 33.36547745999998,
            "min": 0.038502,
            "med": 8.0582905,
            "max": 217.843599,
            "p(90)": 155.35000540000001,
            "p(95)": 166.9482332
        },
        "iteration_duration": {
            "max": 6480.988444,
            "p(90)": 5916.307562000001,
            "p(95)": 6041.2275274,
            "avg": 3618.7705708120016,
            "min": 1178.241656,
            "med": 3466.08062
        },
        "vus_max": {
            "min": 500,
            "max": 500,
            "value": 500
        },
        "http_req_failed": {
            "passes": 0,
            "fails": 500,
            "value": 0
        },
        "vus": {
            "value": 93,
            "min": 93,
            "max": 500
        },
        "http_req_blocked": {
            "avg": 188.74011768599973,
            "min": 0.287015,
            "med": 190.097033,
            "max": 531.887552,
            "p(90)": 344.2370627,
            "p(95)": 416.7254117
        },
        "http_req_tls_handshaking": {
            "p(95)": 0,
            "avg": 0,
            "min": 0,
            "med": 0,
            "max": 0,
            "p(90)": 0
        },
        "checks": {
            "fails": 0,
            "passes": 500,
            "value": 1
        },
        "iterations": {
            "count": 500,
            "rate": 74.23902489461587
        },
        "http_req_receiving": {
            "med": 0.1279075,
            "max": 6.57596,
            "p(90)": 0.41312320000000013,
            "p(95)": 0.8142240999999988,
            "avg": 0.25994657999999987,
            "min": 0.040302
        },
        "http_req_duration{expected_response:true}": {
            "min": 1015.435963,
            "med": 3271.4568895,
            "max": 6113.466915,
            "p(90)": 5822.247931100001,
            "p(95)": 5980.49917755,
            "avg": 3423.1181573480008
        },
        "http_req_connecting": {
            "p(95)": 415.005998,
            "avg": 180.17777119800007,
            "min": 0.174709,
            "med": 187.255828,
            "max": 509.206213,
            "p(90)": 343.3413036
        },
        "http_req_waiting": {
            "avg": 3389.492733308003,
            "min": 980.600961,
            "med": 3249.902212,
            "max": 6083.909789,
            "p(90)": 5797.8602712,
            "p(95)": 5964.6796704
        },
        "http_reqs": {
            "count": 500,
            "rate": 74.23902489461587
        },
        "data_sent": {
            "rate": 145953.9229428148,
            "count": 983000
        },
        "http_req_duration": {
            "avg": 3423.1181573480008,
            "min": 1015.435963,
            "med": 3271.4568895,
            "max": 6113.466915,
            "p(90)": 5822.247931100001,
            "p(95)": 5980.49917755
        },
        "data_received": {
            "count": 514500,
            "rate": 76391.95661655972
        }
    }
}