{
    "root_group": {
        "name": "",
        "path": "",
        "id": "d41d8cd98f00b204e9800998ecf8427e",
        "groups": {},
        "checks": {
                "qr mark accepted or already marked": {
                    "path": "::qr mark accepted or already marked",
                    "id": "0f23ff4c306f386c545b4b81a52b30fd",
                    "passes": 500,
                    "fails": 0,
                    "name": "qr mark accepted or already marked"
                }
            }
    },
    "metrics": {
        "http_reqs": {
            "count": 500,
            "rate": 91.99488807368898
        },
        "iteration_duration": {
            "avg": 2942.1615845040005,
            "min": 166.434666,
            "med": 3015.2906205,
            "max": 5155.529913,
            "p(90)": 4705.4014915,
            "p(95)": 4966.78084095
        },
        "http_req_blocked": {
            "avg": 16.587708110000015,
            "min": 0.264119,
            "med": 7.004608,
            "max": 223.712017,
            "p(90)": 51.8542688,
            "p(95)": 60.633091099999994
        },
        "checks": {
            "passes": 500,
            "fails": 0,
            "value": 1
        },
        "http_req_duration{expected_response:true}": {
            "med": 3015.732235,
            "max": 5107.584269,
            "p(90)": 4683.474509,
            "p(95)": 4957.1536874,
            "avg": 2936.415647074445,
            "min": 152.756974
        },
        "http_req_receiving": {
            "p(90)": 0.48642800000000025,
            "p(95)": 0.9304013499999991,
            "avg": 0.30711710399999975,
            "min": 0.045203,
            "med": 0.1424085,
            "max": 11.494233
        },
        "iterations": {
            "count": 500,
            "rate": 91.99488807368898
        },
        "vus_max": {
            "value": 500,
            "min": 500,
            "max": 500
        },
        "http_req_tls_handshaking": {
            "p(95)": 0,
            "avg": 0,
            "min": 0,
            "med": 0,
            "max": 0,
            "p(90)": 0
        },
        "vus": {
            "max": 474,
            "value": 69,
            "min": 69
        },
        "http_req_duration": {
            "avg": 2921.9213700759983,
            "min": 152.756974,
            "med": 3004.532734,
            "max": 5107.584269,
            "p(90)": 4681.7558045,
            "p(95)": 4956.32782235
        },
        "http_req_sending": {
            "p(95)": 11.925435049999999,
            "avg": 2.8931417460000035,
            "min": 0.036903,
            "med": 0.7211525000000001,
            "max": 80.126708,
            "p(90)": 6.9313324000000005
        },
        "data_sent": {
            "rate": 180861.94995287253,
            "count": 983000
        },
        "http_req_connecting": {
            "min": 0.155411,
            "med": 5.8241724999999995,
            "max": 123.869479,
            "p(90)": 47.678266300000004,
            "p(95)": 57.31084464999999,
            "avg": 14.288479422000002
        },
        "http_req_failed": {
            "passes": 3,
            "fails": 497,
            "value": 0.006
        },
        "http_req_waiting": {
            "min": 151.953515,
            "med": 3000.2148745,
            "max": 5107.364155,
            "p(90)": 4681.5150799,
            "p(95)": 4955.85996915,
            "avg": 2918.721111225999
        },
        "data_received": {
            "count": 512388,
            "rate": 94274.1534206027
        }
    }
}