{
    "root_group": {
        "name": "",
        "path": "",
        "id": "d41d8cd98f00b204e9800998ecf8427e",
        "groups": {},
        "checks": {
                "qr mark accepted or already marked": {
                    "name": "qr mark accepted or already marked",
                    "path": "::qr mark accepted or already marked",
                    "id": "0f23ff4c306f386c545b4b81a52b30fd",
                    "passes": 500,
                    "fails": 0
                }
            }
    },
    "metrics": {
        "data_sent": {
            "count": 983000,
            "rate": 168661.53288024207
        },
        "http_req_duration{expected_response:true}": {
            "max": 5581.11146,
            "p(90)": 5334.3663138,
            "p(95)": 5455.81859705,
            "avg": 3437.032784552002,
            "min": 822.586992,
            "med": 3440.626408
        },
        "http_req_connecting": {
            "min": 0.160606,
            "med": 32.513259500000004,
            "max": 207.57532,
            "p(90)": 74.3436951,
            "p(95)": 79.12095819999999,
            "avg": 31.134134107999984
        },
        "http_req_waiting": {
            "avg": 3434.857217438001,
            "min": 819.673784,
            "med": 3439.59872,
            "max": 5580.861552,
            "p(90)": 5330.9397689,
            "p(95)": 5455.24045995
        },
        "checks": {
            "passes": 500,
            "fails": 0,
            "value": 1
        },
        "http_req_sending": {
            "avg": 1.9162970740000005,
            "min": 0.027501,
            "med": 0.7887795,
            "max": 34.107769,
            "p(90)": 5.045478,
            "p(95)": 7.195908049999999
        },
        "http_req_failed": {
            "passes": 0,
            "fails": 500,
            "value": 0
        },
        "iterations": {
            "count": 500,
            "rate": 85.78918254335812
        },
        "vus_max": {
            "max": 500,
            "value": 500,
            "min": 500
        },
        "http_reqs": {
            "count": 500,
            "rate": 85.78918254335812
        },
        "http_req_duration": {
            "max": 5581.11146,
            "p(90)": 5334.3663138,
            "p(95)": 5455.81859705,
            "avg": 3437.032784552002,
            "min": 822.586992,
            "med": 3440.626408
        },
        "http_req_blocked": {
            "med": 33.230936,
            "max": 207.656923,
            "p(90)": 106.3123942,
            "p(95)": 113.7473651,
            "avg": 39.55164092199999,
            "min": 0.255309
        },
        "http_req_receiving": {
            "avg": 0.25927003999999965,
            "min": 0.054002,
            "med": 0.1469025,
            "max": 4.389663,
            "p(90)": 0.4007850000000003,
            "p(95)": 0.7400830499999991
        },
        "vus": {
            "value": 134,
            "min": 134,
            "max": 500
        },
        "http_req_tls_handshaking": {
            "avg": 0,
            "min": 0,
            "med": 0,
            "max": 0,
            "p(90)": 0,
            "p(95)": 0
        },
        "data_received": {
            "count": 514500,
            "rate": 88277.06883711551
        },
        "iteration_duration": {
            "p(90)": 5343.8238382,
            "p(95)": 5466.965860199999,
            "avg": 3481.9244659999986,
            "min": 900.679596,
            "med": 3495.5653515,
            "max": 5742.635544
        }
    }
}