{
    "metrics": {
        "http_req_connecting": {
            "min": 0.205206,
            "med": 89.700531,
            "max": 313.922608,
            "p(90)": 204.00513890000002,
            "p(95)": 228.9792373,
            "avg": 107.33586201499989
        },
        "data_received": {
            "count": 722771,
            "rate": 70130.7719068801
        },
        "iterations": {
            "count": 1000,
            "rate": 97.03041752765411
        },
        "http_req_blocked": {
            "p(95)": 396.0955619,
            "avg": 210.698902682,
            "min": 0.283909,
            "med": 207.953413,
            "max": 440.68291,
            "p(90)": 365.5240071
        },
        "vus": {
            "value": 95,
            "min": 95,
            "max": 999
        },
        "http_req_waiting": {
            "med": 5962.0056665,
            "max": 9852.153893,
            "p(90)": 9076.478031600001,
            "p(95)": 9496.9346585,
            "avg": 5584.631284004002,
            "min": 249.163865
        },
        "http_reqs": {
            "count": 1000,
            "rate": 97.03041752765411
        },
        "http_req_receiving": {
            "med": 0.14482,
            "max": 8.82438,
            "p(90)": 0.3979381000000003,
            "p(95)": 0.789580449999998,
            "avg": 0.2542681379999998,
            "min": 0.042199
        },
        "http_req_duration{expected_response:true}": {
            "p(95)": 6212.5477698,
            "avg": 3526.568832258653,
            "min": 278.509191,
            "med": 3538.880922,
            "max": 6547.938758,
            "p(90)": 5916.4893944
        },
        "http_req_failed": {
            "fails": 549,
            "passes": 451,
            "value": 0.451
        },
        "checks": {
            "passes": 549,
            "fails": 451,
            "value": 0.549
        },
        "iteration_duration": {
            "avg": 5814.907365295005,
            "min": 464.956275,
            "med": 6184.339285,
            "max": 10238.165026,
            "p(90)": 9322.4048421,
            "p(95)": 9761.9599561
        },
        "http_req_sending": {
            "min": 0.038402,
            "med": 10.260724,
            "max": 81.001057,
            "p(90)": 32.834486000000005,
            "p(95)": 49.61993604999999,
            "avg": 14.24013358399999
        },
        "vus_max": {
            "min": 1000,
            "max": 1000,
            "value": 1000
        },
        "http_req_tls_handshaking": {
            "p(95)": 0,
            "avg": 0,
            "min": 0,
            "med": 0,
            "max": 0,
            "p(90)": 0
        },
        "http_req_duration": {
            "p(95)": 9512.72007335,
            "avg": 5599.125685726002,
            "min": 278.509191,
            "med": 5973.0636605,
            "max": 9881.255366,
            "p(90)": 9104.172975399999
        },
        "data_sent": {
            "count": 1966000,
            "rate": 190761.80085936797
        }
    },
    "root_group": {
        "checks": {
            "qr mark accepted or already marked": {
                "fails": 451,
                "name": "qr mark accepted or already marked",
                "path": "::qr mark accepted or already marked",
                "id": "0f23ff4c306f386c545b4b81a52b30fd",
                "passes": 549
            }
        },
        "name": "",
        "path": "",
        "id": "d41d8cd98f00b204e9800998ecf8427e",
        "groups": {}
    }
}