{
    "root_group": {
        "path": "",
        "id": "d41d8cd98f00b204e9800998ecf8427e",
        "groups": {},
        "checks": {
                "qr mark accepted or already marked": {
                    "name": "qr mark accepted or already marked",
                    "path": "::qr mark accepted or already marked",
                    "id": "0f23ff4c306f386c545b4b81a52b30fd",
                    "passes": 422,
                    "fails": 78
                }
            },
        "name": ""
    },
    "metrics": {
        "http_req_receiving": {
            "avg": 0.32590117799999996,
            "min": 0.044704,
            "med": 0.13316,
            "max": 9.222684,
            "p(90)": 0.47033500000000017,
            "p(95)": 0.8821451499999983
        },
        "checks": {
            "fails": 78,
            "passes": 422,
            "value": 0.844
        },
        "vus": {
            "value": 82,
            "min": 82,
            "max": 500
        },
        "iterations": {
            "count": 500,
            "rate": 67.44106982020476
        },
        "data_sent": {
            "count": 983000,
            "rate": 132589.14326652256
        },
        "http_req_waiting": {
            "avg": 4505.108684433999,
            "min": 1853.842754,
            "med": 4391.463427500001,
            "max": 7091.809773,
            "p(90)": 6773.8423726,
            "p(95)": 6968.15227615
        },
        "http_req_connecting": {
            "avg": 63.997406023999986,
            "min": 0.145711,
            "med": 71.3142795,
            "max": 184.407153,
            "p(90)": 145.3713232,
            "p(95)": 147.91286539999976
        },
        "vus_max": {
            "value": 500,
            "min": 500,
            "max": 500
        },
        "http_req_blocked": {
            "avg": 66.24256282799996,
            "min": 0.303322,
            "med": 71.68615700000001,
            "max": 199.345759,
            "p(90)": 147.0259955,
            "p(95)": 154.21989799999997
        },
        "http_req_sending": {
            "med": 1.9950475,
            "max": 106.062553,
            "p(90)": 14.677146700000002,
            "p(95)": 18.37607005,
            "avg": 5.269403528000003,
            "min": 0.036603
        },
        "http_req_failed": {
            "passes": 78,
            "fails": 422,
            "value": 0.156
        },
        "iteration_duration": {
            "max": 7113.268258,
            "p(90)": 6797.6967093,
            "p(95)": 6991.99061835,
            "avg": 4578.952441379999,
            "min": 1991.324133,
            "med": 4465.7845345000005
        },
        "http_req_tls_handshaking": {
            "max": 0,
            "p(90)": 0,
            "p(95)": 0,
            "avg": 0,
            "min": 0,
            "med": 0
        },
        "http_reqs": {
            "count": 500,
            "rate": 67.44106982020476
        },
        "http_req_duration{expected_response:true}": {
            "max": 6741.44625,
            "p(90)": 6322.619745000001,
            "p(95)": 6524.59062945,
            "avg": 4078.1385424857826,
            "min": 1865.183394,
            "med": 3918.324898
        },
        "data_received": {
            "count": 461538,
            "rate": 62253.23296535533
        },
        "http_req_duration": {
            "p(90)": 6786.358056700001,
            "p(95)": 6970.30097965,
            "avg": 4510.703989139999,
            "min": 1865.183394,
            "med": 4400.774567,
            "max": 7092.856648
        }
    }
}