{
    "root_group": {
        "id": "d41d8cd98f00b204e9800998ecf8427e",
        "groups": {},
        "checks": {
                "qr mark accepted or already marked": {
                    "name": "qr mark accepted or already marked",
                    "path": "::qr mark accepted or already marked",
                    "id": "0f23ff4c306f386c545b4b81a52b30fd",
                    "passes": 10,
                    "fails": 0
                }
            },
        "name": "",
        "path": ""
    },
    "metrics": {
        "data_sent": {
            "count": 19750,
            "rate": 13467.18327008985
        },
        "http_req_sending": {
            "med": 1.2610000000000001,
            "max": 1.5155,
            "p(90)": 1.5155,
            "p(95)": 1.5155,
            "avg": 0.8584000000000002,
            "min": 0
        },
        "iteration_duration": {
            "min": 1463.7781,
            "med": 1465.14175,
            "max": 1465.9278,
            "p(90)": 1465.9278,
            "p(95)": 1465.9278,
            "avg": 1465.0284799999997
        },
        "vus": {
            "value": 10,
            "min": 10,
            "max": 10
        },
        "checks": {
            "passes": 10,
            "fails": 0,
            "value": 1
        },
        "http_req_blocked": {
            "avg": 4.42162,
            "min": 1.0296,
            "med": 4.9669,
            "max": 4.9669,
            "p(90)": 4.9669,
            "p(95)": 4.9669
        },
        "data_received": {
            "count": 3240,
            "rate": 2209.299938991955
        },
        "vus_max": {
            "min": 10,
            "max": 10,
            "value": 10
        },
        "iterations": {
            "count": 10,
            "rate": 6.818826972197392
        },
        "http_reqs": {
            "count": 10,
            "rate": 6.818826972197392
        },
        "http_req_waiting": {
            "p(90)": 1457.1867,
            "p(95)": 1457.1867,
            "avg": 1455.97894,
            "min": 1452.7271,
            "med": 1456.2733,
            "max": 1457.1867
        },
        "http_req_receiving": {
            "min": 2.2655,
            "med": 2.6021,
            "max": 3.6901,
            "p(90)": 3.55015,
            "p(95)": 3.620125,
            "avg": 2.80797
        },
        "http_req_duration": {
            "med": 1459.63275,
            "max": 1460.9677,
            "p(90)": 1460.9677,
            "p(95)": 1460.9677,
            "avg": 1459.6453099999997,
            "min": 1457.2682,
            "thresholds": {
                "p(95)<2000": false
            }
        },
        "http_req_failed": {
            "passes": 10,
            "fails": 0,
            "thresholds": {
                "rate<0.01": true
            },
            "value": 1
        },
        "http_req_connecting": {
            "med": 0.5148,
            "max": 1.5155,
            "p(90)": 1.5155,
            "p(95)": 1.5155,
            "avg": 0.70916,
            "min": 0
        },
        "http_req_tls_handshaking": {
            "max": 0,
            "p(90)": 0,
            "p(95)": 0,
            "avg": 0,
            "min": 0,
            "med": 0
        }
    }
}