{
    "root_group": {
        "name": "",
        "path": "",
        "id": "d41d8cd98f00b204e9800998ecf8427e",
        "groups": {},
        "checks": {
                "qr mark accepted or already marked": {
                    "name": "qr mark accepted or already marked",
                    "path": "::qr mark accepted or already marked",
                    "id": "0f23ff4c306f386c545b4b81a52b30fd",
                    "passes": 511,
                    "fails": 1489
                }
            }
    },
    "metrics": {
        "http_req_waiting": {
            "p(95)": 15947.170377999999,
            "avg": 9322.053693462994,
            "min": 950.819014,
            "med": 9260.9570495,
            "max": 16576.152685,
            "p(90)": 15136.401992800002
        },
        "data_sent": {
            "rate": 216640.03432542557,
            "count": 3932000
        },
        "http_req_tls_handshaking": {
            "avg": 0,
            "min": 0,
            "med": 0,
            "max": 0,
            "p(90)": 0,
            "p(95)": 0
        },
        "http_req_duration": {
            "avg": 9344.985330709007,
            "min": 950.999811,
            "med": 9285.1504955,
            "max": 16576.885986,
            "p(90)": 15148.6914478,
            "p(95)": 15947.5510755
        },
        "iterations": {
            "count": 2000,
            "rate": 110.19330331913814
        },
        "http_req_connecting": {
            "p(95)": 562.51180755,
            "avg": 198.35604894299956,
            "min": 0.136898,
            "med": 76.369946,
            "max": 999.680191,
            "p(90)": 533.2166515
        },
        "checks": {
            "passes": 511,
            "fails": 1489,
            "value": 0.2555
        },
        "http_req_duration{expected_response:true}": {
            "p(90)": 6071.119854,
            "p(95)": 6406.5313315,
            "avg": 3829.6525517553796,
            "min": 950.999811,
            "med": 3857.260984,
            "max": 6686.301031
        },
        "vus": {
            "min": 129,
            "max": 2000,
            "value": 129
        },
        "http_reqs": {
            "count": 2000,
            "rate": 110.19330331913814
        },
        "http_req_failed": {
            "passes": 1489,
            "fails": 511,
            "value": 0.7445
        },
        "data_received": {
            "count": 1046969,
            "rate": 57684.486291367364
        },
        "iteration_duration": {
            "p(90)": 15678.622559,
            "p(95)": 16525.4699751,
            "avg": 9687.97388578099,
            "min": 1015.410553,
            "med": 9746.826583,
            "max": 17498.30322
        },
        "http_req_sending": {
            "avg": 22.615496547,
            "min": 0.032199,
            "med": 4.67828,
            "max": 557.398875,
            "p(90)": 68.0981601,
            "p(95)": 110.07845594999999
        },
        "vus_max": {
            "max": 2000,
            "value": 2000,
            "min": 2000
        },
        "http_req_blocked": {
            "p(90)": 554.2509238,
            "p(95)": 681.0512868999998,
            "avg": 312.1027116519997,
            "min": 0.267896,
            "med": 356.2347655,
            "max": 1325.785862
        },
        "http_req_receiving": {
            "max": 17.420208,
            "p(90)": 0.4494060000000008,
            "p(95)": 0.9447796499999997,
            "avg": 0.3161406990000002,
            "min": 0.038703,
            "med": 0.1422605
        }
    }
}