{
    "root_group": {
        "name": "",
        "path": "",
        "id": "d41d8cd98f00b204e9800998ecf8427e",
        "groups": {},
        "checks": {
                "qr mark accepted or already marked": {
                    "passes": 366,
                    "fails": 634,
                    "name": "qr mark accepted or already marked",
                    "path": "::qr mark accepted or already marked",
                    "id": "0f23ff4c306f386c545b4b81a52b30fd"
                }
            }
    },
    "metrics": {
        "http_req_duration": {
            "min": 2011.980684,
            "med": 8930.4918195,
            "max": 13577.615322,
            "p(90)": 12139.9987847,
            "p(95)": 13075.1286067,
            "avg": 8074.111653129998
        },
        "http_req_connecting": {
            "avg": 37.309428487999995,
            "min": 0.183811,
            "med": 31.858003500000002,
            "max": 247.236076,
            "p(90)": 75.89804130000002,
            "p(95)": 90.64984684999995
        },
        "http_req_failed": {
            "passes": 634,
            "fails": 366,
            "value": 0.634
        },
        "iterations": {
            "count": 1000,
            "rate": 69.49092619628757
        },
        "vus": {
            "value": 55,
            "min": 55,
            "max": 1000
        },
        "http_req_blocked": {
            "avg": 190.22836566999996,
            "min": 0.265515,
            "med": 242.280022,
            "max": 722.320983,
            "p(90)": 340.208348,
            "p(95)": 364.3589517999999
        },
        "http_req_waiting": {
            "avg": 8067.378093042001,
            "min": 2009.755261,
            "med": 8917.882637,
            "max": 13475.503631,
            "p(90)": 12121.0562097,
            "p(95)": 13051.5020687
        },
        "http_req_duration{expected_response:true}": {
            "med": 3762.3815155,
            "max": 7598.277605,
            "p(90)": 6611.2953105,
            "p(95)": 6933.42861325,
            "avg": 4002.8301937923497,
            "min": 2011.980684
        },
        "http_req_sending": {
            "p(90)": 11.732532200000001,
            "p(95)": 22.2991061,
            "avg": 6.431250445999997,
            "min": 0.037702,
            "med": 1.014759,
            "max": 283.7688
        },
        "vus_max": {
            "max": 1000,
            "value": 1000,
            "min": 1000
        },
        "http_reqs": {
            "count": 1000,
            "rate": 69.49092619628757
        },
        "http_req_receiving": {
            "p(95)": 0.9941661999999972,
            "avg": 0.30230964200000054,
            "min": 0.043702,
            "med": 0.13400800000000002,
            "max": 9.858273,
            "p(90)": 0.44329500000000005
        },
        "data_received": {
            "count": 598514,
            "rate": 41591.292201444856
        },
        "checks": {
            "passes": 366,
            "fails": 634,
            "value": 0.366
        },
        "data_sent": {
            "count": 1966000,
            "rate": 136619.16090190137
        },
        "iteration_duration": {
            "p(95)": 13085.304595049998,
            "avg": 8269.526581325013,
            "min": 2090.323202,
            "med": 9163.5036445,
            "max": 13824.4373,
            "p(90)": 12226.8099417
        },
        "http_req_tls_handshaking": {
            "max": 0,
            "p(90)": 0,
            "p(95)": 0,
            "avg": 0,
            "min": 0,
            "med": 0
        }
    }
}