{
    "root_group": {
        "name": "",
        "path": "",
        "id": "d41d8cd98f00b204e9800998ecf8427e",
        "groups": {},
        "checks": {
                "qr mark accepted or already marked": {
                    "name": "qr mark accepted or already marked",
                    "path": "::qr mark accepted or already marked",
                    "id": "0f23ff4c306f386c545b4b81a52b30fd",
                    "passes": 527,
                    "fails": 4473
                }
            }
    },
    "metrics": {
        "http_req_sending": {
            "p(90)": 514.0895863000001,
            "p(95)": 680.3019201000002,
            "avg": 220.77078480460014,
            "min": 0.034002,
            "med": 133.84954349999998,
            "max": 3365.965578
        },
        "http_req_receiving": {
            "med": 0.1203075,
            "max": 1714.958962,
            "p(90)": 0.6579575000000009,
            "p(95)": 2.6743510000000024,
            "avg": 3.9653306468000067,
            "min": 0.028402
        },
        "http_req_failed": {
            "passes": 4473,
            "fails": 527,
            "value": 0.8946
        },
        "data_received": {
            "count": 3025395,
            "rate": 96160.26671528607
        },
        "iterations": {
            "count": 5000,
            "rate": 158.92183783487127
        },
        "http_req_duration{expected_response:true}": {
            "med": 5296.593316,
            "max": 9369.413035,
            "p(90)": 7818.216160400005,
            "p(95)": 8086.1079608,
            "avg": 5560.128194713474,
            "min": 3013.384982
        },
        "checks": {
            "passes": 527,
            "fails": 4473,
            "value": 0.1054
        },
        "http_req_blocked": {
            "avg": 1364.9940814682034,
            "min": 0.269817,
            "med": 1298.670235,
            "max": 6693.635207,
            "p(90)": 2680.7079928,
            "p(95)": 2979.44346245
        },
        "http_req_tls_handshaking": {
            "avg": 0,
            "min": 0,
            "med": 0,
            "max": 0,
            "p(90)": 0,
            "p(95)": 0
        },
        "vus": {
            "max": 4785,
            "value": 118,
            "min": 0
        },
        "iteration_duration": {
            "p(90)": 23706.786369600002,
            "p(95)": 24989.7626419,
            "avg": 11793.897475837603,
            "min": 2.83476,
            "med": 8378.949442000001,
            "max": 30689.049442
        },
        "vus_max": {
            "value": 5000,
            "min": 1959,
            "max": 5000
        },
        "http_reqs": {
            "count": 5000,
            "rate": 158.92183783487127
        },
        "data_sent": {
            "count": 9828034,
            "rate": 312377.84511672024
        },
        "http_req_duration": {
            "p(95)": 22873.7911179,
            "avg": 10110.44884905278,
            "min": 0.419624,
            "med": 5762.0312175,
            "max": 27527.152452,
            "p(90)": 21850.3597061
        },
        "http_req_waiting": {
            "min": 0.242913,
            "med": 5478.0360645,
            "max": 27271.513623,
            "p(90)": 21634.1383475,
            "p(95)": 22603.7333678,
            "avg": 9885.71273360138
        },
        "http_req_connecting": {
            "max": 6693.489197,
            "p(90)": 2294.8594547000002,
            "p(95)": 2913.4550768000004,
            "avg": 1298.7603648065997,
            "min": 0.196112,
            "med": 1246.791718
        }
    }
}