{
    "root_group": {
        "name": "",
        "path": "",
        "id": "d41d8cd98f00b204e9800998ecf8427e",
        "groups": {},
        "checks": {
                "qr mark accepted or already marked": {
                    "name": "qr mark accepted or already marked",
                    "path": "::qr mark accepted or already marked",
                    "id": "0f23ff4c306f386c545b4b81a52b30fd",
                    "passes": 10,
                    "fails": 0
                }
            }
    },
    "metrics": {
        "http_req_blocked": {
            "med": 2.3549,
            "max": 2.9436,
            "p(90)": 2.41377,
            "p(95)": 2.6786849999999993,
            "avg": 2.2359600000000004,
            "min": 1.7622
        },
        "http_req_connecting": {
            "avg": 0.97759,
            "min": 0.5627,
            "med": 1.1554,
            "max": 1.1554,
            "p(90)": 1.1554,
            "p(95)": 1.1554
        },
        "http_req_receiving": {
            "avg": 0.21400000000000002,
            "min": 0,
            "med": 0,
            "max": 0.5572,
            "p(90)": 0.55099,
            "p(95)": 0.554095
        },
        "checks": {
            "fails": 0,
            "passes": 10,
            "value": 1
        },
        "http_req_duration": {
            "avg": 219.80306000000002,
            "min": 209.6495,
            "med": 219.6019,
            "max": 227.9982,
            "p(90)": 227.46477,
            "p(95)": 227.731485,
            "thresholds": {
                "p(95)<2000": false
            }
        },
        "http_req_duration{expected_response:true}": {
            "min": 209.6495,
            "med": 219.6019,
            "max": 227.9982,
            "p(90)": 227.46477,
            "p(95)": 227.731485,
            "avg": 219.80306000000002
        },
        "http_req_tls_handshaking": {
            "avg": 0,
            "min": 0,
            "med": 0,
            "max": 0,
            "p(90)": 0,
            "p(95)": 0
        },
        "http_req_waiting": {
            "max": 227.4055,
            "p(90)": 226.89592000000002,
            "p(95)": 227.15071,
            "avg": 219.29801000000003,
            "min": 208.5511,
            "med": 219.32675
        },
        "data_received": {
            "count": 10290,
            "rate": 44561.65878501273
        },
        "data_sent": {
            "count": 19750,
            "rate": 85528.93692944621
        },
        "http_reqs": {
            "count": 10,
            "rate": 43.30579085035251
        },
        "http_req_sending": {
            "avg": 0.29105,
            "min": 0,
            "med": 0,
            "max": 1.1589,
            "p(90)": 0.6493199999999998,
            "p(95)": 0.9041099999999994
        },
        "iterations": {
            "count": 10,
            "rate": 43.30579085035251
        },
        "iteration_duration": {
            "max": 230.3491,
            "p(90)": 230.3491,
            "p(95)": 230.3491,
            "avg": 223.95737999999997,
            "min": 220.3476,
            "med": 222.5455
        },
        "http_req_failed": {
            "passes": 0,
            "fails": 10,
            "thresholds": {
                "rate<0.01": false
            },
            "value": 0
        }
    }
}