{
    "metrics": {
        "data_received": {
            "count": 257250,
            "rate": 55249.5626093475
        },
        "vus": {
            "max": 250,
            "value": 223,
            "min": 223
        },
        "http_req_tls_handshaking": {
            "max": 0,
            "p(90)": 0,
            "p(95)": 0,
            "avg": 0,
            "min": 0,
            "med": 0
        },
        "vus_max": {
            "value": 250,
            "min": 250,
            "max": 250
        },
        "http_req_duration{expected_response:true}": {
            "p(95)": 4501.38264875,
            "avg": 4240.680317647997,
            "min": 3509.084888,
            "med": 4333.2639715000005,
            "max": 4572.627209,
            "p(90)": 4489.8369665
        },
        "http_req_connecting": {
            "max": 45.100558,
            "p(90)": 26.5108252,
            "p(95)": 31.111795299999997,
            "avg": 10.332917140000005,
            "min": 0.159309,
            "med": 4.898967
        },
        "http_req_sending": {
            "max": 58.935812,
            "p(90)": 12.9894579,
            "p(95)": 14.641488299999992,
            "avg": 4.840518184,
            "min": 0.041202,
            "med": 3.0613665
        },
        "checks": {
            "fails": 0,
            "passes": 250,
            "value": 1
        },
        "iterations": {
            "count": 250,
            "rate": 53.692480669919824
        },
        "http_reqs": {
            "count": 250,
            "rate": 53.692480669919824
        },
        "http_req_waiting": {
            "max": 4570.942117,
            "p(90)": 4479.9161266,
            "p(95)": 4491.009819700001,
            "avg": 4235.638220136,
            "min": 3508.715668,
            "med": 4331.3196155000005
        },
        "data_sent": {
            "count": 491500,
            "rate": 105559.41699706238
        },
        "http_req_blocked": {
            "min": 0.452725,
            "med": 76.7040305,
            "max": 167.995356,
            "p(90)": 138.8102851,
            "p(95)": 145.9915366,
            "avg": 80.68942165599996
        },
        "http_req_failed": {
            "passes": 0,
            "fails": 250,
            "value": 0
        },
        "iteration_duration": {
            "med": 4382.146388,
            "max": 4649.044671,
            "p(90)": 4588.0541292,
            "p(95)": 4623.1342997500005,
            "avg": 4322.429829056001,
            "min": 3657.905701
        },
        "http_req_receiving": {
            "min": 0.037302,
            "med": 0.090405,
            "max": 10.987798,
            "p(90)": 0.261654,
            "p(95)": 0.44483409999999973,
            "avg": 0.20157932800000028
        },
        "http_req_duration": {
            "avg": 4240.680317647997,
            "min": 3509.084888,
            "med": 4333.2639715000005,
            "max": 4572.627209,
            "p(90)": 4489.8369665,
            "p(95)": 4501.38264875
        }
    },
    "root_group": {
        "id": "d41d8cd98f00b204e9800998ecf8427e",
        "groups": {},
        "checks": {
                "qr mark accepted or already marked": {
                    "name": "qr mark accepted or already marked",
                    "path": "::qr mark accepted or already marked",
                    "id": "0f23ff4c306f386c545b4b81a52b30fd",
                    "passes": 250,
                    "fails": 0
                }
            },
        "name": "",
        "path": ""
    }
}