{
    "root_group": {
        "groups": {},
        "checks": {
                "qr mark accepted or already marked": {
                    "name": "qr mark accepted or already marked",
                    "path": "::qr mark accepted or already marked",
                    "id": "0f23ff4c306f386c545b4b81a52b30fd",
                    "passes": 237,
                    "fails": 13
                }
            },
        "name": "",
        "path": "",
        "id": "d41d8cd98f00b204e9800998ecf8427e"
    },
    "metrics": {
        "http_reqs": {
            "count": 250,
            "rate": 29.48034987279229
        },
        "http_req_waiting": {
            "avg": 7733.848521599999,
            "min": 0,
            "med": 8138.885249999999,
            "max": 8407.736,
            "p(90)": 8343.0417,
            "p(95)": 8359.665294999999
        },
        "http_req_failed": {
            "passes": 13,
            "fails": 237,
            "thresholds": {
                "rate<0.01": true
            },
            "value": 0.052
        },
        "http_req_tls_handshaking": {
            "max": 0,
            "p(90)": 0,
            "p(95)": 0,
            "avg": 0,
            "min": 0,
            "med": 0
        },
        "iteration_duration": {
            "max": 8414.9856,
            "p(90)": 8348.862009999999,
            "p(95)": 8365.270985,
            "avg": 7740.411476000001,
            "min": 4.2141,
            "med": 8144.948700000001
        },
        "checks": {
            "fails": 13,
            "passes": 237,
            "value": 0.948
        },
        "http_req_sending": {
            "p(90)": 1.78389,
            "p(95)": 2.00801,
            "avg": 0.8726667999999997,
            "min": 0,
            "med": 0.66765,
            "max": 35.3663
        },
        "http_req_duration": {
            "avg": 7735.307432399998,
            "min": 0,
            "med": 8139.9681,
            "max": 8408.6015,
            "p(90)": 8343.95041,
            "p(95)": 8361.443695,
            "thresholds": {
                "p(95)<2000": true
            }
        },
        "vus_max": {
            "value": 250,
            "min": 132,
            "max": 250
        },
        "http_req_connecting": {
            "p(95)": 7.599055,
            "avg": 3.7676416000000006,
            "min": 0,
            "med": 3.29755,
            "max": 9.5671,
            "p(90)": 7.0449
        },
        "http_req_blocked": {
            "max": 41.0725,
            "p(90)": 7.5317,
            "p(95)": 8.2185,
            "avg": 4.263497200000002,
            "min": 0,
            "med": 3.6605
        },
        "data_sent": {
            "rate": 55196.059066829,
            "count": 468075
        },
        "data_received": {
            "rate": 28785.7928297893,
            "count": 244110
        },
        "iterations": {
            "rate": 29.48034987279229,
            "count": 250
        },
        "http_req_duration{expected_response:true}": {
            "p(95)": 8362.58962,
            "avg": 8159.60699620253,
            "min": 7886.6493,
            "med": 8149.5887,
            "max": 8408.6015,
            "p(90)": 8344.91208
        },
        "vus": {
            "value": 231,
            "min": 0,
            "max": 237
        },
        "http_req_receiving": {
            "p(90)": 0.9885099999999999,
            "p(95)": 1.0104549999999999,
            "avg": 0.586244,
            "min": 0,
            "med": 0.64255,
            "max": 6.8958
        }
    }
}