{
    "root_group": {
        "checks": {
            "qr mark accepted or already marked": {
                "id": "0f23ff4c306f386c545b4b81a52b30fd",
                "passes": 582,
                "fails": 418,
                "name": "qr mark accepted or already marked",
                "path": "::qr mark accepted or already marked"
            }
        },
        "name": "",
        "path": "",
        "id": "d41d8cd98f00b204e9800998ecf8427e",
        "groups": {}
    },
    "metrics": {
        "data_received": {
            "count": 743066,
            "rate": 78817.91132867406
        },
        "iteration_duration": {
            "avg": 5307.463706890997,
            "min": 640.893914,
            "med": 5912.191370500001,
            "max": 8567.036577,
            "p(90)": 8050.2909354,
            "p(95)": 8225.88596645
        },
        "vus_max": {
            "value": 1000,
            "min": 1000,
            "max": 1000
        },
        "http_req_sending": {
            "p(90)": 43.532105300000005,
            "p(95)": 59.621375849999914,
            "avg": 17.012436723000018,
            "min": 0.035002,
            "med": 5.012909499999999,
            "max": 348.243202
        },
        "vus": {
            "value": 150,
            "min": 150,
            "max": 1000
        },
        "http_req_failed": {
            "passes": 421,
            "fails": 579,
            "value": 0.421
        },
        "http_req_receiving": {
            "p(90)": 0.314933,
            "p(95)": 0.6271349999999999,
            "avg": 0.24888506200000018,
            "min": 0.037803,
            "med": 0.14836100000000002,
            "max": 16.457481
        },
        "http_req_duration": {
            "max": 8535.096584,
            "p(90)": 8021.551793,
            "p(95)": 8214.388244400001,
            "avg": 5194.909184348998,
            "min": 485.497157,
            "med": 5817.413216
        },
        "http_req_duration{expected_response:true}": {
            "avg": 3541.9729267150256,
            "min": 485.497157,
            "med": 3528.324719,
            "max": 6667.048039,
            "p(90)": 5976.7756246,
            "p(95)": 6294.8367686
        },
        "http_req_waiting": {
            "max": 8534.872167,
            "p(90)": 8008.4211091,
            "p(95)": 8213.4377307,
            "avg": 5177.6478625639975,
            "min": 473.724612,
            "med": 5802.6929595
        },
        "iterations": {
            "count": 1000,
            "rate": 106.07121215164476
        },
        "http_reqs": {
            "count": 1000,
            "rate": 106.07121215164476
        },
        "http_req_tls_handshaking": {
            "max": 0,
            "p(90)": 0,
            "p(95)": 0,
            "avg": 0,
            "min": 0,
            "med": 0
        },
        "http_req_blocked": {
            "max": 585.12881,
            "p(90)": 194.09232470000003,
            "p(95)": 209.25770884999997,
            "avg": 104.88280244899977,
            "min": 0.265919,
            "med": 120.6011585
        },
        "data_sent": {
            "count": 1966000,
            "rate": 208536.0030901336
        },
        "http_req_connecting": {
            "p(90)": 186.1068721,
            "p(95)": 198.6777796,
            "avg": 100.05587530799994,
            "min": 0.173312,
            "med": 112.9665105,
            "max": 405.44661
        },
        "checks": {
            "fails": 418,
            "passes": 582,
            "value": 0.582
        }
    }
}