{
    "root_group": {
        "groups": {},
        "checks": {
                "qr mark accepted or already marked": {
                    "path": "::qr mark accepted or already marked",
                    "id": "0f23ff4c306f386c545b4b81a52b30fd",
                    "passes": 234,
                    "fails": 16,
                    "name": "qr mark accepted or already marked"
                }
            },
        "name": "",
        "path": "",
        "id": "d41d8cd98f00b204e9800998ecf8427e"
    },
    "metrics": {
        "data_sent": {
            "count": 462150,
            "rate": 127300.58307881482
        },
        "http_req_failed": {
            "passes": 16,
            "fails": 234,
            "value": 0.064
        },
        "http_req_blocked": {
            "avg": 24.46222199999998,
            "min": 0,
            "med": 21.2472,
            "max": 134.1289,
            "p(90)": 46.46171,
            "p(95)": 50.183555
        },
        "checks": {
            "passes": 234,
            "fails": 16,
            "value": 0.936
        },
        "iteration_duration": {
            "med": 3310.6367,
            "max": 3629.8741,
            "p(90)": 3506.7837299999997,
            "p(95)": 3536.058935,
            "avg": 3052.0098283999964,
            "min": 23.0573
        },
        "vus_max": {
            "value": 250,
            "min": 250,
            "max": 250
        },
        "data_received": {
            "count": 240786,
            "rate": 66325.21518384833
        },
        "http_reqs": {
            "count": 250,
            "rate": 68.86323870973429
        },
        "http_req_duration{expected_response:true}": {
            "avg": 3229.661917521371,
            "min": 2692.033,
            "med": 3295.4128,
            "max": 3602.8452,
            "p(90)": 3474.1756,
            "p(95)": 3501.76966
        },
        "http_req_connecting": {
            "p(90)": 46.069,
            "p(95)": 48.52303999999998,
            "avg": 22.669904399999982,
            "min": 0,
            "med": 20.02405,
            "max": 72.2963
        },
        "vus": {
            "min": 220,
            "max": 234,
            "value": 220
        },
        "http_req_duration": {
            "p(90)": 3463.40647,
            "p(95)": 3500.165925,
            "avg": 3022.9635548000033,
            "min": 0,
            "med": 3288.67445,
            "max": 3602.8452
        },
        "http_req_receiving": {
            "p(95)": 0.77,
            "avg": 0.25988160000000016,
            "min": 0,
            "med": 0,
            "max": 18.5362,
            "p(90)": 0.57574
        },
        "http_req_sending": {
            "p(90)": 30.451259999999994,
            "p(95)": 34.32814499999999,
            "avg": 11.482924,
            "min": 0,
            "med": 3.1535,
            "max": 39.7265
        },
        "iterations": {
            "count": 250,
            "rate": 68.86323870973429
        },
        "http_req_tls_handshaking": {
            "avg": 0,
            "min": 0,
            "med": 0,
            "max": 0,
            "p(90)": 0,
            "p(95)": 0
        },
        "http_req_waiting": {
            "avg": 3011.2207491999984,
            "min": 0,
            "med": 3262.4716,
            "max": 3596.5668,
            "p(90)": 3460.0045499999997,
            "p(95)": 3497.3493249999997
        }
    }
}